,,Visible xsec (fb),,,,,,,,,,,,,,,,,,,,,,,,,,,,,,,,,,,,,,,,,,,,,,,,,,,,,,,,,,,,
Year,AQGC point,Generator-level,Passing preselection,Passing dijet kinematics,Passing jet substructure,Passing xi(jets),Passing 2 PPS multiRP,Passing pp-diboson matching,Passing WW,Passing ZZ,Expected WW,Expected ZZ,Relative Uncertainty WW + 1,Relative Uncertainty ZZ + 1,Expected WW (protonSyst),Expected ZZ (protonSyst),Expected WW (JECSystUp),Expected ZZ (JECSystUp),Expected WW (JECSystDown),Expected ZZ (JECSystDown),Relative Uncertainty WW + 1 (protonSyst),Relative Uncertainty ZZ + 1 (protonSyst),Relative Uncertainty WW + 1 (JECSystUp),Relative Uncertainty ZZ + 1 (JECSystUp),Relative Uncertainty WW + 1 (JECSystDown),Relative Uncertainty ZZ + 1 (JECSystDown),Expected WW (A),Expected ZZ (A),Relative Uncertainty WW + 1 (A),Relative Uncertainty ZZ + 1 (A),Expected WW (protonSyst) (A),Expected ZZ (protonSyst) (A),Expected WW (JECSystUp) (A),Expected ZZ (JECSystUp) (A),Expected WW (JECSystDown) (A),Expected ZZ (JECSystDown) (A),Relative Uncertainty WW + 1 (protonSyst) (A),Relative Uncertainty ZZ + 1 (protonSyst) (A),Relative Uncertainty WW + 1 (JECSystUp) (A),Relative Uncertainty ZZ + 1 (JECSystUp) (A),Relative Uncertainty WW + 1 (JECSystDown) (A),Relative Uncertainty ZZ + 1 (JECSystDown) (A),Expected WW (B),Expected ZZ (B),Relative Uncertainty WW + 1 (B),Relative Uncertainty ZZ + 1 (B),Expected WW (protonSyst) (B),Expected ZZ (protonSyst) (B),Expected WW (JECSystUp) (B),Expected ZZ (JECSystUp) (B),Expected WW (JECSystDown) (B),Expected ZZ (JECSystDown) (B),Relative Uncertainty WW + 1 (protonSyst) (B),Relative Uncertainty ZZ + 1 (protonSyst) (B),Relative Uncertainty WW + 1 (JECSystUp) (B),Relative Uncertainty ZZ + 1 (JECSystUp) (B),Relative Uncertainty WW + 1 (JECSystDown) (B),Relative Uncertainty ZZ + 1 (JECSystDown) (B),Passing WW (A),Passing ZZ (A),Passing WW (B),Passing ZZ (B)
2016,WW_A0W5e-7,42.16331659,0.3597843203,0.2728466396,0.1165169928,0.113071189,0.004941641471,0.003123828197,0.002662692723,0.0004611354749,0.02640464855,0.004572859663,1.398758444,1.958199968,0.02621096906,0,0.03081960044,0.004572859663,0.02640464855,0.004572859663,1.007335053,2,1.167203585,1,1,1,0.02162836874,0.004572859663,1.440593622,1.958199968,0.01303950419,0,0.01742401653,0.004572859663,0.02162836874,0.004572859663,1.397111065,2,1.194390629,1,1,1,0.004776279808,0,1.937573251,1.0,0.01317146487,0,0.01339558391,0,0.004776279808,0,2.757682841,1.0,2.804606188,1.0,1,1.0,0.002181043991,0.0004611354749,0.0004816487318,0
2016,WW_A0W1e-6,45.39474365,1.397438433,1.036657205,0.4462620653,0.4332425177,0.02004765093,0.01312017765,0.01189326694,0.001226897949,0.1179398325,0.01216655939,1.195773117,1.609536082,0.07687694531,0.01824295467,0.1227093296,0.01216655939,0.1187363082,0.01216655939,1.348168098,1.499434153,1.040440087,1,1.006753237,1,0.06516938555,0.007881316776,1.263367085,1.757327832,0.04027784782,0.004318548131,0.06493876019,0.007881316776,0.06516938555,0.007881316776,1.381951395,1.452052461,1.003538861,1,1,1,0.05277044693,0.00428524261,1.292676548,2.027059496,0.03659909749,0.01392440202,0.0577703886,0.00428524261,0.05356687741,0.00428524261,1.306447081,3.249384758,1.094748898,1,1.015092358,1,0.006571799217,0.0007947662998,0.005321467724,0.0004321316488
2016,WW_A0W2e-6,58.31583079,5.667115271,4.160127591,1.851408883,1.797830411,0.07571268605,0.04488110885,0.0384536442,0.006427500138,0.3813263738,0.06373844069,1.12402529,1.303359748,0.2867678459,0.05679184951,0.4196291742,0.06373844069,0.3819633852,0.07210892235,1.247972693,1.108985898,1.10044624,1,1.001670515,1.131325485,0.2319126634,0.03525846094,1.159036365,1.407874916,0.1223568587,0.02943139081,0.2510936852,0.03525846094,0.217364638,0.04177850087,1.472401132,1.165267285,1.082707954,1,1.062730621,1.184921286,0.1494133585,0.0284799211,1.198136259,1.453825905,0.1644109285,0.02736046457,0.1685357237,0.0284799211,0.1645988058,0.03033033349,1.100376366,1.039306869,1.127982968,1,1.101633799,1.064972525,0.02338649423,0.003555527247,0.01506711448,0.002871966976
2016,WW_A0W3_5e-6,93.48528508,17.32230916,12.76295701,5.656271083,5.447069712,0.2429576921,0.1488643787,0.132255596,0.01660864249,1.311515407,0.1646999536,1.084074559,1.237249093,0.9635875029,0.1283224659,1.324634075,0.1704775998,1.378134061,0.1664892505,1.265286936,1.220871269,1.010002679,1.035079829,1.050795174,1.010863979,0.8122143393,0.1079721687,1.106835595,1.293018733,0.4785546429,0.06820311011,0.8218074403,0.1333228744,0.8413746594,0.1097614656,1.410802519,1.368326941,1.011811046,1.234789261,1.035902247,1.016571834,0.499301068,0.05672774776,1.136260523,1.404253257,0.4850319329,0.06011930018,0.5028266346,0.0371546883,0.536760329,0.05672774776,1.028578219,1.059786481,1.007061004,1.345035018,1.075023394,1,0.08190516933,0.01088810962,0.05035042666,0.005720529128
2016,WW_A0W5e-6,148.1320476,35.53690574,25.96281697,11.37932584,10.98628542,0.5785829381,0.3613298904,0.3257930739,0.03553663799,3.230733889,0.3523998202,1.067570421,1.204592345,1.817032717,0.3931520437,3.24410693,0.3523998202,3.18657306,0.368727438,1.437578959,1.11564201,1.00413932,1,1.013668978,1.046332651,1.696628152,0.2586525361,1.093242495,1.238807987,0.8324164427,0.1888420502,1.679768031,0.2431406354,1.647533192,0.2727439385,1.509370134,1.269900644,1.009937428,1.059971964,1.028936782,1.054480047,1.534105738,0.09374802159,1.098057219,1.396667084,0.984616274,0.2043101411,1.564338898,0.1092590372,1.539039867,0.09598276194,1.358182262,2.179354163,1.019707351,1.165454325,1.00321629,1.023837733,0.1710910647,0.02608299158,0.1547020092,0.009453720787
2016,WW_ACW2e-6,42.45569449,0.4449853054,0.3253551346,0.1397002373,0.1352814206,0.006158489449,0.003890767881,0.003437930682,0.0004528371995,0.03409231212,0.00449056964,1.353923656,1.975185199,0.022697418,0,0.03889317409,0.00449056964,0.03409231212,0.00449056964,1.334236472,2,1.140819489,1,1,1,0.02509370662,0,1.41252988,1.0,0.01797060598,0,0.02989452588,0,0.02509370662,0,1.283860043,1.0,1.191315669,1.0,1,1.0,0.008998605501,0.00449056964,1.688890527,1.975185199,0.00472681202,0,0.008998605501,0.00449056964,0.008998605501,0.00449056964,1.474717275,2,1,1,1,1,0.002530494958,0,0.0009074357244,0.0004528371995
2016,WW_ACW5e-6,48.745879,2.68662556,1.997506608,0.9011514107,0.8737972313,0.04549037775,0.02531569758,0.02364957092,0.001666116865,0.2345214689,0.01652208304,1.143866725,1.542024926,0.1718374203,0.03590336046,0.2289995134,0.01114934072,0.234320997,0.02291800837,1.267284905,2.1730529,1.023545629,1.325185529,1.000854812,1.387113738,0.129090563,0.01114934072,1.193911878,1.659822416,0.08459032941,0.006395876788,0.1237176265,0.01114934072,0.1226977928,0.01754526605,1.344721043,1.426344844,1.04162145,1,1.049521592,1.573659509,0.1054306632,0.005372742313,1.214569599,1.950503354,0.08724699385,0.02950743513,0.1052814986,0,0.1116230101,0.005372742313,1.172470407,5.49206223,1.001414813,2,1.058733832,1,0.01301772686,0.001124319771,0.01063181959,0.0005417970942
2016,WW_ACW8e-6,61.40225654,6.936320363,5.130766983,2.281374008,2.212100394,0.1035185171,0.0711932972,0.06058176346,0.01061146591,0.6007603352,0.1052288255,1.10088496,1.241051418,0.4173416777,0.04475933011,0.6258452876,0.09943230972,0.6251262337,0.1113516059,1.305310865,1.574647632,1.041755341,1.055084866,1.040558434,1.058185391,0.382602082,0.06277055338,1.126416391,1.312103813,0.2557044825,0.01036196979,0.388825322,0.06277055338,0.3823110364,0.07468982509,1.331669913,1.834923077,1.016265568,1,1.000760701,1.189886357,0.2181583144,0.04245823545,1.167413767,1.379486283,0.1616366449,0.03439737255,0.2370202713,0.0366617808,0.2428151362,0.0366617808,1.259085562,1.189853931,1.08645995,1.136521327,1.113022609,1.136521327,0.03858228893,0.006329896623,0.0219994807,0.004281565586
2016,WW_ACW1_4e-5,102.0359708,20.85358112,15.30716084,6.887428027,6.612185996,0.3178532729,0.1862815619,0.1610356179,0.02524592355,1.596913102,0.2503517334,1.079600478,1.201039326,1.034232905,0.2234887487,1.565061332,0.2395480955,1.570358324,0.2613723102,1.352354926,1.107300973,1.019945838,1.043153837,1.016628818,1.044020373,0.88886968,0.1985645542,1.106693331,1.225738408,0.6030628056,0.1339677606,0.8899837179,0.1888977206,0.8644296518,0.209368192,1.321539682,1.325318856,1.00125332,1.048683581,1.027495626,1.054408693,0.7080444337,0.05178728042,1.119543527,1.442022898,0.4311700992,0.08952108929,0.6750776142,0.05065048621,0.7059286724,0.05200421931,1.391040903,1.728630825,1.046560382,1.021951224,1.002988176,1.004189038,0.08963523313,0.02002361033,0.07140048683,0.005222323427
2016,WW_ACW2e-5,164.7623733,42.89400645,31.57448314,13.96389447,13.47419856,0.6224041971,0.3871671735,0.336121694,0.05104513204,3.333157869,0.5061901286,1.070159064,1.180034149,2.283633966,0.3261007397,3.369177321,0.4777934315,3.285438738,0.6093659923,1.314873746,1.355774202,1.010806405,1.056098876,1.014316493,1.203828281,1.897439607,0.3049627318,1.092988179,1.231946776,1.060311363,0.1021153457,1.919879165,0.2651789066,1.797965278,0.3422336941,1.441188347,1.665154673,1.01182623,1.130454712,1.052425558,1.12221481,1.435721543,0.2012272327,1.106899732,1.285540916,1.223322603,0.2239855745,1.449298156,0.2126145249,1.487476742,0.2671309857,1.147938812,1.113097723,1.0094563,1.056589221,1.036048215,1.327509115,0.1913412566,0.03075299583,0.1447807683,0.02029211967
2016,ZZ_A0Z5e-6,17.85999169,5.416613999,4.861278989,2.505756834,2.426285229,0.1122250438,0.07128083422,0.01317399423,0.05810676855,0.1306401916,0.576216996,1.116434556,1.055440516,0.07977643955,0.3627269926,0.1306134482,0.5810680111,0.1226114872,0.5738986394,1.389342295,1.370502788,1.000204711,1.00841873,1.061456619,1.004023409,0.06434135615,0.3414762169,1.165911004,1.072017836,0.03663120327,0.1834377967,0.06631009962,0.3439688487,0.05825665302,0.3382434466,1.430674057,1.46280945,1.030598414,1.007299577,1.094569084,1.009467044,0.06629874693,0.2347409562,1.163443493,1.086861207,0.04314539568,0.179289373,0.06430326001,0.2370984539,0.06435462161,0.2356551928,1.349227585,1.236224578,1.030098411,1.010042976,1.029323711,1.003894662,0.006488299228,0.03443508199,0.00668568607,0.02367170442
2016,ZZ_A0Z1e-5,71.47586892,21.7731167,19.58471521,10.00013663,9.660117633,0.4404715846,0.2731601165,0.04241449627,0.2307456202,0.4206042469,2.28819381,1.130051218,1.055757699,0.2767835599,1.402718898,0.4342435623,2.268621574,0.3715793984,2.320803533,1.341938266,1.386975486,1.032427907,1.008553574,1.11655814,1.014251294,0.2483546254,1.268590071,1.169244718,1.074884269,0.1172754193,0.5880840562,0.2628198546,1.248134299,0.2229349053,1.270660902,1.527790477,1.536427039,1.058244251,1.016124808,1.102352513,1.001632388,0.172248839,1.019600182,1.203223112,1.083528811,0.1595075715,0.8146348419,0.1714239923,1.020487275,0.1486436394,1.050141208,1.073970121,1.20102521,1.004788692,1.00087004,1.137041269,1.029953923,0.02504453155,0.1279269271,0.01736988581,0.1028183344
2016,ZZ_A0Z2e-5,285.759867,86.98117605,78.32516517,40.02922243,38.63454119,1.752287103,1.096697393,0.1977113598,0.8989877551,1.96060887,8.914831036,1.120471873,1.056496896,1.438716964,5.560342128,1.876987449,8.694943152,1.860748043,8.920664361,1.26618869,1.376281827,1.042650741,1.024665401,1.050933579,1.000654339,0.9825358949,4.972476743,1.170179377,1.075647532,0.6684970128,2.41578746,0.9825358949,5.030755925,0.8503063763,4.958052781,1.319620773,1.514168173,1,1.011720353,1.134579835,1.00290076,0.9780709828,3.942334374,1.170567371,1.084958026,0.7702173899,3.144554668,0.8944507008,3.664164463,1.010441666,3.962597352,1.212513812,1.202362263,1.085495106,1.070559695,1.033096456,1.005139843,0.09908070438,0.5014335871,0.09863045454,0.3975521594
2016,ZZ_A0Z5e-5,1786.740982,544.2804754,489.5752065,249.9816261,241.4818921,11.40301768,6.599550794,0.9450076571,5.65453417,9.371188365,56.07330737,1.137754246,1.05631502,6.982008804,38.70322579,9.962116946,53.98883925,8.909613214,57.28343948,1.254949476,1.309774515,1.06305802,1.037173982,1.049254708,1.021581251,5.687725833,32.67290898,1.176820657,1.073774865,4.11068807,15.6503247,5.855632774,31.85666998,5.226177356,33.03946964,1.277270355,1.52099996,1.029520927,1.024982134,1.081148158,1.011219101,3.683446527,23.40038061,1.219722809,1.087174781,2.871308286,23.05290109,4.106469946,22.13216927,3.683446527,24.24416545,1.220483245,1.014849311,1.114844458,1.054196184,1,1.036058595,0.5735606045,3.29479549,0.3714454387,2.359736887
2016,ZZ_ACZ5e-6,1.275293156,0.4078668077,0.3669094927,0.1884883284,0.181819693,0.008824709816,0.005207289767,0.0007533870836,0.004453897582,0.007470978906,0.04416716932,1.130105582,1.053509994,0.006226237304,0.0290442405,0.00798864957,0.04409445211,0.007762758296,0.0456868958,1.166610242,1.342402039,1.069290875,1.001646409,1.039055041,1.03440851,0.004097805802,0.02636661574,1.17567461,1.069256014,0.003104995823,0.01274171206,0.00435952453,0.02678929876,0.004097805802,0.02668691293,1.242278436,1.516748293,1.063868016,1.016030992,1,1.012147831,0.003373173104,0.01780056623,1.193626756,1.084288393,0.003121238951,0.01630254109,0.00362912504,0.01730526717,0.003664939847,0.01899998287,1.074687585,1.084156038,1.075878684,1.027824905,1.086496226,1.067380814,0.0004132301806,0.002658857426,0.000340156903,0.001795041432
2016,ZZ_ACZ1e-5,5.100496092,1.637475958,1.473962327,0.7561637636,0.7285312768,0.03354464302,0.01956508464,0.003284714978,0.0162803543,0.03257294536,0.1614444768,1.124844334,1.056077127,0.01948651553,0.1122558501,0.03249227415,0.1614272155,0.02997633742,0.1640118421,1.401757645,1.304678287,1.002476633,1.000106918,1.079716707,1.015902466,0.01307019405,0.08579949893,1.197086254,1.076922781,0.005213203453,0.04074175636,0.01355147985,0.08565318398,0.01157293831,0.08519408404,1.601138022,1.525151582,1.036823156,1.001705312,1.114554974,1.007056159,0.01950270562,0.07564533326,1.161342923,1.081923082,0.01427334762,0.07151409378,0.01894074861,0.07577372691,0.01840336357,0.07881791033,1.268135002,1.054613276,1.02881431,1.001697311,1.056368694,1.041940156,0.00131802211,0.008652177323,0.001966688261,0.007628212813
2016,ZZ_ACZ2e-5,20.40469049,6.548470153,5.896524454,3.024252723,2.914035513,0.1310689821,0.07652342887,0.01197571295,0.06454777738,0.1187574101,0.6400893959,1.130802237,1.056341086,0.08374482087,0.4675280602,0.1339147877,0.6245662859,0.1141644193,0.6587858451,1.294824459,1.269589431,1.12763311,1.024251472,1.038675404,1.029209122,0.05546516399,0.3862419777,1.191397112,1.072529686,0.0267205595,0.2169809715,0.05970959138,0.3815998162,0.05546516399,0.3850998764,1.518246092,1.438225299,1.076524201,1.012018791,1,1.002956958,0.06329220546,0.2538474182,1.179172114,1.089466234,0.05702413946,0.2505468855,0.07420535882,0.2429672824,0.05869901149,0.2736839369,1.099033775,1.013002034,1.172424918,1.042860928,1.072571242,1.078143472,0.005593207887,0.03894934263,0.006382500967,0.02559843476
2016,ZZ_ACZ5e-5,127.5124023,41.29789707,37.07832432,19.05729928,18.40718812,0.8760764628,0.5219089064,0.07946074682,0.4424467517,0.787974172,4.387532546,1.126913262,1.053783966,0.5820953603,3.000246477,0.8135038909,4.272836016,0.7167029134,4.551168969,1.261276091,1.316188212,1.032399182,1.026141465,1.090448724,1.037295774,0.3949865716,2.521237114,1.179255229,1.070950613,0.2618228469,1.351481003,0.3949865716,2.52566658,0.3816753267,2.628796999,1.337134815,1.463961166,1,1.001756862,1.0337005,1.042661551,0.3929877273,1.866295432,1.179710521,1.082465596,0.3202736556,1.648765474,0.4185174462,1.747169436,0.3350277136,1.922370701,1.185028861,1.116557087,1.064963146,1.063830192,1.147485556,1.030046298,0.03983116336,0.2542461303,0.03962959626,0.1882006214
2017,WW_A0W5e-7,42.16331659,0.3678551383,0.2729006787,0.1178426581,0.1147889392,0.002898223263,0.0008576894783,0.0004928884395,0.0003648010388,0.01832312774,0.01356147862,1.926207865,2.076600922,0.01832312774,0.01356147862,0.03431485836,0.01356147862,0.01832312774,0.01356147862,1,1,1.872762055,1,1,1,0,0,1.0,1.0,0,0.01356147862,0.01599173062,0,0,0,1.0,1.0,1.0,1.0,1.0,1.0,0.01832312774,0.01356147862,1.926207865,2.076600922,0.01832312774,0,0.01832312774,0.01356147862,0.01832312774,0.01356147862,1,2,1,1,1,1,0,0,0.0004928884395,0.0003648010388
2017,WW_A0W1e-6,45.39474365,1.428677501,1.05496186,0.4472594448,0.432578885,0.007997389006,0.003848728829,0.002926447807,0.0009222785138,0.1087906972,0.03428570375,1.218201058,1.388683584,0.07539503345,0.02377269451,0.1092774346,0.02803804086,0.1087908008,0.03428570375,1.306971686,1.30662953,1.004474072,1.182223557,1.000000952,1,0.0483782916,0.01498190784,1.327210679,1.58798896,0.04190478816,0,0.05372012159,0.01498190784,0.0483782916,0.01498190784,1.133810088,2,1.110417913,1,1,1,0.06041256102,0.01930379591,1.292812161,1.518001925,0.03349023493,0.02377269451,0.05555746323,0.01305613301,0.06041257138,0.01930379591,1.445641198,1.231503618,1.080365701,1.323649448,1.000000171,1,0.001301366284,0.0004030102984,0.001625085703,0.0005192682154
2017,WW_A0W2e-6,58.31583079,5.683044275,4.172905868,1.794136138,1.733083343,0.03300212754,0.0205785365,0.01745777927,0.003120781935,0.6489929444,0.1160150684,1.102394316,1.242180201,0.4209299256,0.101015964,0.664949534,0.1216178351,0.6466456206,0.1075490662,1.351410629,1.12928583,1.024586692,1.048293439,1.003616871,1.072973299,0.4057561991,0.06482697017,1.129498058,1.323979831,0.1809925117,0.04114151568,0.4041940384,0.07043021314,0.4074670366,0.05636117205,1.553937778,1.365364206,1.003849999,1.086433825,1.004216417,1.13059068,0.2432360921,0.05118784787,1.167256047,1.364596421,0.2399373186,0.05987441431,0.2607547744,0.05118784787,0.2391792916,0.05118784787,1.013562023,1.169699778,1.072023367,1,1.016678448,1,0.0109147599,0.001743832419,0.006543001804,0.001376942781
2017,WW_A0W3_5e-6,93.48528508,17.28746564,12.69787374,5.492329591,5.30961606,0.13022398,0.08045639472,0.06775740613,0.0126989661,2.518881573,0.4720840649,1.117586174,1.271612944,1.415025994,0.344758943,2.418390775,0.4226181016,2.5594798,0.4346499017,1.438232425,1.269708578,1.039895007,1.104782107,1.016117561,1.079295545,1.537087451,0.2213472297,1.150525766,1.396664275,0.8831972344,0.1590088041,1.4358712,0.2213472297,1.537087451,0.1839130665,1.425408597,1.281631831,1.065849377,1,1,1.169119637,0.9817927287,0.2507368352,1.188343323,1.372692852,0.5318287594,0.1857502086,0.9825220132,0.2012712202,1.022390607,0.2507368352,1.458308517,1.259182607,1.000742809,1.197281005,1.041350763,1,0.04134734233,0.005954195822,0.02641002633,0.006744770281
2017,WW_A0W5e-6,148.1320476,35.47250731,25.91439916,11.09387196,10.70940597,0.2068340206,0.1233388469,0.1029809506,0.02035779612,3.828316839,0.7568010707,1.062384986,1.140311463,2.650154748,0.5855224786,3.813357867,0.6980438969,3.800817063,0.7728149186,1.307749369,1.226319173,1.003907454,1.077638862,1.007183255,1.021159917,2.161398195,0.5922920095,1.08302648,1.158604711,1.185891588,0.2908065903,2.131573223,0.5329562929,2.156225132,0.5922920095,1.451331277,1.509014834,1.013798925,1.100179836,1.002393387,1,1.666915366,0.1645092252,1.094542536,1.300946219,1.46426316,0.2947166332,1.681784942,0.165086561,1.644595208,0.180523818,1.121573182,1.791490009,1.008920414,1.003509444,1.013390096,1.097347689,0.0581411754,0.01593253556,0.04483968704,0.004425264967
2017,WW_ACW2e-6,42.45569449,0.4438836219,0.3229250016,0.1332977432,0.1300906055,0.00328357344,0.001257150718,0.0008477176611,0.0004094330573,0.03151390405,0.01522067391,1.710032283,2.021673806,0.01317436643,0.01522067391,0.03151390405,0.01522067391,0.03151390405,0.01522067391,1.581950671,1,1,1,1,1,0,0.01522067391,1.0,2.021673806,0,0,0,0.01522067391,0,0.01522067391,1.0,2,1.0,1,1.0,1,0.03151390405,0,1.710032283,1.0,0.01317436643,0.01522067391,0.03151390405,0,0.03151390405,0,1.581950671,1.0,1,1.0,1,1.0,0,0.0004094330573,0.0008477176611,0
2017,WW_ACW5e-6,48.745879,2.621814977,1.925624291,0.8011575317,0.7799352557,0.01412851238,0.009257851388,0.005018134015,0.00423971567,0.186549132,0.15761143,1.336280158,1.365850797,0.1347439984,0.1084322999,0.186549132,0.1530627566,0.186549132,0.15761143,1.277702357,1.312027688,1,1.028860048,1,1,0.08673104334,0.06330847608,1.493185812,1.577253972,0.02511938574,0.03665289518,0.06297275774,0.06330847608,0.08673104334,0.06330847608,1.710376069,1.421042845,1.273930587,1,1,1,0.09981808868,0.0943027219,1.459719827,1.472972342,0.1096246127,0.07177925706,0.1235763743,0.08975413282,0.09981808868,0.0943027219,1.098243957,1.23884215,1.238015834,1.048233911,1,1,0.002333047568,0.001702985234,0.002685086447,0.002536724194
2017,WW_ACW8e-6,61.40225654,6.868020474,5.04076777,2.1728285,2.102964077,0.04494658358,0.02520318546,0.02191371672,0.003289480956,0.8146424192,0.1222864545,1.091905003,1.237210268,0.3949968274,0.09410641165,0.7971903895,0.1050257826,0.8105297046,0.1222864545,1.515128579,1.230442881,1.021422933,1.1411495,1.005048491,1,0.4511492476,0.04623605064,1.123498745,1.385773416,0.1554941242,0.02598569595,0.4503655129,0.04623605064,0.451419667,0.04623605064,1.655337729,1.437977604,1.001737196,1,1.000599401,1,0.363493034,0.07605040389,1.137586117,1.300795891,0.2395031161,0.0681207157,0.3468243261,0.05878973197,0.3591099,0.07605040389,1.341106724,1.10426885,1.045857022,1.22696358,1.012058372,1,0.01213582374,0.001243740434,0.009777889281,0.002045740522
2017,WW_ACW1_4e-5,102.0359708,20.71976593,15.11576908,6.536380963,6.288917665,0.1258485683,0.06631704888,0.0544825022,0.01183456711,2.025387019,0.4399500323,1.136914728,1.293766658,0.999931411,0.4340582851,1.963385473,0.3456657506,1.931725779,0.4399500323,1.506301067,1.013391855,1.030612197,1.214306796,1.046243626,1,0.9936907453,0.3463810523,1.1954693,1.331075555,0.4307850356,0.1333377044,0.9472261288,0.2999164357,0.9487770882,0.3463810523,1.566479775,1.615054855,1.046759635,1.134143066,1.045198828,1,1.031693996,0.09356898007,1.19183539,1.63699824,0.5691462766,0.3007204819,1.016157825,0.04574931483,0.9829479313,0.09356898007,1.448338094,3.213890776,1.015058894,1.511063231,1.047248569,1,0.02673008057,0.009317580424,0.02775236034,0.002516986686
2017,WW_ACW2e-5,164.7623733,42.79111618,31.11534612,13.31055398,12.88458602,0.2300277941,0.1305686312,0.1126753942,0.01789341832,4.188707781,0.6651878259,1.061910913,1.155358526,2.569181054,0.5539047375,4.166469787,0.6479815175,4.174751036,0.6784092452,1.386641134,1.167295738,1.005309034,1.025866842,1.003331993,1.01987622,2.330250341,0.5089888388,1.083005324,1.177604149,1.104816634,0.2750551312,2.348111699,0.5289758999,2.29058223,0.5089888388,1.525880711,1.459604789,1.007664996,1.039268172,1.017023111,1,1.858455353,0.1561995972,1.0929461,1.320602779,1.464364902,0.2788485627,1.818351184,0.119005746,1.884164311,0.1694205348,1.212052687,1.785206669,1.021579302,1.238117459,1.013833508,1.084641304,0.06268326404,0.01369169708,0.04999207406,0.004201737653
2017,ZZ_A0Z5e-6,17.85999169,5.364240908,4.831240858,2.413658655,2.324661757,0.05608776279,0.02950261876,0.006675452855,0.02282713884,0.2481599599,0.8485988865,1.164387769,1.088896391,0.1940920769,0.4976197652,0.2627365632,0.8491293399,0.2426376789,0.8578557334,1.217875128,1.413598376,1.05873874,1.000625093,1.022252909,1.010908389,0.1161790751,0.3986751933,1.240254428,1.129695752,0.08831002164,0.2093287627,0.1307551419,0.4118748309,0.1161790751,0.4168136131,1.239880146,1.474939083,1.125462066,1.033108751,1,1.045496736,0.131981086,0.4499243638,1.225413285,1.122085926,0.1057821223,0.2882908684,0.131981086,0.4372551796,0.126458805,0.4410414497,1.198505441,1.359245928,1,1.028158476,1.041841457,1.019743128,0.003125193681,0.01072428227,0.003550264586,0.01210287462
2017,ZZ_A0Z1e-5,71.47586892,21.46086418,19.23685012,9.663893898,9.31813803,0.1904176117,0.1037011011,0.02372938721,0.07997170666,0.8821399694,2.972948195,1.17472494,1.095176555,0.5552322293,1.777135568,0.8486120822,2.839388186,0.8029021024,3.002310714,1.370584886,1.402231236,1.038007446,1.044925105,1.089824597,1.009876566,0.404811192,1.397363444,1.257927349,1.138825409,0.2230587336,0.6225258017,0.404811192,1.295974824,0.360481194,1.39204625,1.448980814,1.554499723,1,1.072557086,1.109507837,1.003805161,0.4773274309,1.575582866,1.237528351,1.130738358,0.3321736573,1.154612459,0.4438003516,1.543411477,0.442419885,1.610264194,1.304096861,1.26718392,1.070239163,1.020418722,1.073131238,1.022011745,0.01088933939,0.03758879472,0.01284001159,0.04238286123
2017,ZZ_A0Z2e-5,285.759867,86.3094487,77.48628316,38.65303725,37.18189749,0.6805818468,0.3685530658,0.06051533285,0.3080376756,2.249657499,11.45130059,1.217758593,1.096517507,2.143188381,7.549451589,2.417248805,11.54728772,2.323384531,11.22816625,1.047326812,1.340734135,1.074496365,1.008382203,1.032772559,1.019485502,0.6354546263,6.088364933,1.409723836,1.132368048,0.6507856843,3.362164095,0.5718481663,6.322710923,0.6354546263,6.062920557,1.024126125,1.447772246,1.10009599,1.038490792,1,1.004179181,1.614203086,5.36293779,1.257071787,1.141036695,1.492404617,4.18727896,1.845399998,5.224583194,1.687932252,5.165254231,1.075454241,1.219219181,1.143226657,1.025798285,1.045675272,1.036861058,0.01709360124,0.1637757884,0.04342173735,0.1442619446
2017,ZZ_A0Z5e-5,1786.740982,539.1853028,484.683933,241.8942165,232.5245924,4.99447325,2.49914839,0.4415253817,2.05762319,16.41370606,76.4921421,1.203035704,1.094051847,10.01383163,44.66774652,16.41370606,76.75156218,18.07254659,78.83324932,1.389910384,1.416047906,1,1.003391461,1.101064349,1.030605852,4.351206863,41.51252442,1.394340039,1.127669209,2.478961181,20.05802366,4.351206863,40.76111963,5.312238497,41.61645484,1.430281929,1.516819949,1,1.018100677,1.220865536,1.002503592,12.06249244,34.97971403,1.236841179,1.139080939,7.534860972,24.60972963,12.06249244,35.99041034,12.76030133,37.21693657,1.375347921,1.296457095,1,1.028893784,1.057849478,1.063957714,0.1170465868,1.116678532,0.3244786129,0.9409472504
2017,ZZ_ACZ5e-6,1.275293156,0.4058320215,0.3638020813,0.1815903209,0.1750418965,0.003929116262,0.002134423419,0.0005653986728,0.001569024746,0.02101869566,0.05832849495,1.150710757,1.090470449,0.01291233229,0.04230620827,0.02101869566,0.05601795913,0.02041546043,0.05815404823,1.385673949,1.274690555,1,1.039612471,1.028699936,1.002990763,0.009827900413,0.02867500177,1.220402623,1.129031399,0.006468735477,0.01747213274,0.009827900413,0.02922607962,0.009224660411,0.02903020661,1.341798837,1.390684162,1,1.019218058,1.061380354,1.012387265,0.01119081243,0.02965355525,1.206545779,1.126884551,0.006443598727,0.0248340994,0.01119081243,0.02679189383,0.01119081243,0.02912389462,1.424206351,1.162525397,1,1.096503147,1,1.017861623,0.0002643685383,0.0007713517624,0.0003010305967,0.0007976746535
2017,ZZ_ACZ1e-5,5.100496092,1.631279256,1.46502628,0.7311140629,0.7053417787,0.0138445022,0.00741938453,0.00133578852,0.006083597037,0.04965793825,0.2261577198,1.196050846,1.091866539,0.02828816685,0.1511724832,0.05521985667,0.2192064193,0.04651612981,0.2223135476,1.430339482,1.331561694,1.112004618,1.030736517,1.063269007,1.01699775,0.02410486577,0.1091959993,1.281391325,1.132208598,0.007544970639,0.05962366018,0.02640705941,0.1087337054,0.02640705941,0.1105043784,1.686993875,1.453975782,1.095507424,1.004233616,1.095507424,1.011981932,0.0255530343,0.116961835,1.273301379,1.127744137,0.02074321911,0.09154885742,0.02881281635,0.1104727711,0.0201090704,0.1118092837,1.18822873,1.217275811,1.127569275,1.055480182,1.213045693,1.04405327,0.0006484160261,0.002937350352,0.0006873714674,0.003146249766
2017,ZZ_ACZ2e-5,20.40469049,6.518313682,5.870543746,2.938196752,2.831192297,0.06661014973,0.03775793868,0.008161902834,0.0295960215,0.3034187379,1.100232099,1.15844194,1.083204956,0.2283876201,0.6426863256,0.2942312152,1.052261134,0.2941114001,1.074706844,1.247285709,1.415862957,1.030280011,1.043600769,1.030674894,1.023199882,0.09999210695,0.586345139,1.275999624,1.113976334,0.05154476333,0.283241287,0.09999210695,0.5663094401,0.09068476921,0.5942128679,1.484511679,1.516937605,1,1.034170487,1.093080724,1.013418256,0.2034261739,0.5138878743,1.193503103,1.121746691,0.1768427684,0.3594445054,0.1942387274,0.4859518458,0.2034261739,0.4804936718,1.130678393,1.300539041,1.045163542,1.054362109,1,1.064983441,0.002689767504,0.01577256595,0.005472123037,0.01382348014
2017,ZZ_ACZ5e-5,127.5124023,40.90528863,36.85144607,18.42649835,17.73563388,0.4072369846,0.2129504541,0.04729494183,0.1656556028,1.758189463,6.158247033,1.165292937,1.088319902,1.095364909,3.955997505,1.681819563,6.134644621,1.761493435,6.37924043,1.376992678,1.357609806,1.043436672,1.003832651,1.00187919,1.035885764,0.865124903,3.013088018,1.235639301,1.126264488,0.5348108438,1.415682601,0.865124903,3.031303581,0.8079260184,3.062527515,1.381810832,1.530155577,1,1.00604548,1.066116331,1.016408248,0.893061197,3.145157573,1.231924443,1.123585047,0.5605541608,2.540312502,0.8166947079,3.103339599,0.9535635738,3.316714357,1.37232279,1.192309942,1.085510925,1.013295987,1.067747179,1.054546324,0.02327168535,0.0810514598,0.02402316602,0.08460410419
2018,WW_A0W5e-7,42.16331659,0.3464978027,0.2597254169,0.1037057707,0.1020196895,0.01203308066,0.00736790957,0.007009066308,0.0003588407059,0.3705763448,0.01897226696,1.246502821,2.089434508,0.2469551218,0,0.3705763448,0.01897226696,0.3408087955,0.01897226696,1.333591781,2,1,1,1.08032771,1,0.2008082935,0.01897226696,1.334865124,2.089434508,0.1017989975,0,0.2008082935,0.01897226696,0.1710407442,0.01897226696,1.493053819,2,1,1,1.148238645,1,0.1697680513,0,1.364193977,1.0,0.1451558991,0,0.1697680513,0,0.1697680513,0,1.14497517,1.0,1,1.0,1,1.0,0.003798080111,0.0003588407059,0.003210986198,0
2018,WW_A0W1e-6,45.39474365,1.326107589,0.97924189,0.4142924621,0.4035356732,0.06348389695,0.02416763988,0.02151011786,0.002657530008,1.137261441,0.1405062691,1.0642205,1.182707337,0.8739962548,0.1431688549,1.188076977,0.1386034773,1.123371361,0.1479994264,1.231490471,1.018949943,1.044682369,1.013542398,1.012213621,1.053329701,0.5722915593,0.07332413489,1.090530552,1.252918364,0.3732071352,0.07307601399,0.5997335432,0.07849682245,0.5609868146,0.07630744865,1.347872375,1.003383891,1.047951055,1.070545497,1.019753471,1.040686655,0.564968944,0.06718204037,1.09111535,1.26422703,0.5007891665,0.07009288783,0.588343762,0.060106561,0.5623841246,0.07169207159,1.113598771,1.043327762,1.041373633,1.105318019,1.004575153,1.067131501,0.01082429989,0.001386849783,0.01068580023,0.001270678451
2018,WW_A0W2e-6,58.31583079,5.195303832,3.831117391,1.675955578,1.635993887,0.2231163686,0.1057560803,0.093999409,0.01175680268,4.969842753,0.6215939146,1.03897038,1.11019264,3.429843768,0.4971027735,5.003233571,0.5922199583,4.941954175,0.6039467469,1.309868755,1.200277284,1.006718687,1.047255862,1.005611561,1.028390187,2.491289332,0.3169048201,1.055041959,1.154326868,1.312365542,0.188924248,2.50671598,0.2928622995,2.445210155,0.3186192695,1.473218335,1.403845458,1.006192235,1.075866693,1.018496116,1.005409982,2.478549648,0.3046875095,1.055183235,1.157390545,2.117478981,0.308178601,2.496515327,0.2993577343,2.49674402,0.2853270245,1.145678206,1.011457941,1.007248464,1.017492595,1.007340734,1.063542102,0.04712014775,0.005993925216,0.04687918987,0.005762847487
2018,WW_A0W3_5e-6,93.48528508,16.82239659,12.37125367,5.267759326,5.082666875,0.6878937081,0.2929343646,0.2549703643,0.03796397228,13.48053813,2.007193179,1.060551761,1.156922712,8.433068505,1.632615629,13.37514578,2.117656204,13.62745871,2.115341062,1.374426419,1.186617588,1.007818111,1.05503358,1.010898718,1.053880157,6.499568911,1.20951697,1.087204343,1.202150308,3.699620931,0.87983756,6.519645998,1.264165496,6.655544449,1.274321675,1.430789798,1.272571132,1.003088987,1.045182108,1.023997828,1.053578996,6.98097416,0.7976757144,1.084143849,1.248924249,4.733437688,0.7527790577,6.855494837,0.8534926853,6.971914263,0.8410174101,1.321951696,1.056284347,1.017974472,1.069974515,1.001297798,1.054334982,0.122932589,0.02287675607,0.1320378688,0.01508720687
2018,WW_A0W5e-6,148.1320476,32.60041683,23.91782721,10.30360262,10.05460552,1.491778945,0.6369618374,0.5630228326,0.07393880585,29.76758018,3.909218604,1.022465581,1.061993254,20.65267606,2.631439749,30.13001353,3.779115791,29.53824239,3.969659217,1.306202388,1.326862983,1.012175439,1.033281028,1.007704281,1.015461047,14.55601658,1.937310186,1.03212685,1.088062261,8.097750061,1.109070821,14.65542884,1.869144353,14.4799212,1.966961092,1.443683647,1.427520266,1.006829634,1.035185813,1.005227761,1.015305193,15.21156361,1.97190992,1.031426968,1.087286258,12.55492599,1.522368929,15.47459971,1.909968433,15.05833621,2.002696623,1.174645926,1.227972377,1.017291852,1.031411925,1.010073086,1.015612631,0.275311921,0.03664220813,0.2877109116,0.03729662614
2018,WW_ACW2e-6,42.45569449,0.4374011946,0.3166339148,0.1352227392,0.1330267389,0.01515068686,0.007513637704,0.007049239937,0.0004643956442,0.3727003647,0.0245530621,1.245413811,1.956150106,0.2014025624,0.0245530621,0.3927055575,0.0245530621,0.3727003647,0.0245530621,1.45961265,1,1.053676343,1,1,1,0.08868097115,0.0245530621,1.503110856,1.956150106,0.02049960986,0,0.08868097115,0.0245530621,0.08868097115,0.0245530621,1.768838686,2,1,1,1,1,0.2840193262,0,1.281128556,1.0,0.1809028628,0.0245530621,0.304024519,0,0.2840193262,0,1.363061433,1.0,1.070436027,1.0,1,1.0,0.001677308376,0.0004643956442,0.005371930287,0
2018,WW_ACW5e-6,48.745879,2.469147744,1.886502799,0.8228034635,0.8023038947,0.1024035122,0.04100798129,0.03552911789,0.005478921197,1.878459992,0.2896760426,1.16466507,1.41932057,1.271821215,0.3013393422,1.878459992,0.2896760426,1.930577354,0.2903066013,1.322944742,1.040263252,1,1,1.027744728,1.002176772,0.9796524793,0.2331254148,1.228016585,1.467420382,0.4583683358,0.115935714,0.9796524793,0.2331254148,0.9796524793,0.2331254148,1.532111289,1.502689511,1,1,1,1,0.8988044567,0.05655113715,1.238050911,1.949034031,0.8134518609,0.1854036282,0.8988044567,0.05655113715,0.9509233465,0.05718195057,1.094962364,3.278512821,1,1,1.057986906,1.011154743,0.01852910819,0.004409324862,0.0169999519,0.001069605968
2018,WW_ACW8e-6,61.40225654,6.361901221,4.68342414,2.022271218,1.97703566,0.2887367415,0.1309652894,0.1199497039,0.01101534459,6.341860794,0.5823922837,1.030923878,1.102045651,4.057612671,0.4405162304,6.312617128,0.5560002084,6.283870762,0.5891173566,1.360185787,1.243609088,1.004611212,1.045316664,1.009144009,1.011547325,3.151660628,0.2559396333,1.043866459,1.153933639,1.660737013,0.1718541468,3.1117614,0.2636690096,3.130533262,0.2605384454,1.473059695,1.328536403,1.012659748,1.030199998,1.006703566,1.017968347,3.19019774,0.3264534994,1.043600704,1.136298678,2.39687202,0.2686618411,3.200853302,0.2923313201,3.153340532,0.328579275,1.248676034,1.17702876,1.003340095,1.104523858,1.011553268,1.006511726,0.0596103843,0.004840832088,0.06033927371,0.006174528559
2018,WW_ACW1_4e-5,102.0359708,20.34764596,14.87553848,6.397655367,6.164989885,0.8723504099,0.3653464257,0.3111122665,0.0542342,16.44881664,2.867416388,1.0572688,1.137163965,12.20780893,2.159725803,16.35671218,2.745689389,16.58534682,2.935519634,1.257830567,1.246804262,1.005599458,1.042451804,1.008300304,1.023750735,8.091441373,0.9938385864,1.08165306,1.232984745,4.967145627,0.7020692621,7.952510535,0.9137590092,8.163779492,1.071305489,1.38612351,1.293578181,1.017170098,1.080576039,1.008940078,1.077947167,8.357380664,1.873577802,1.080343421,1.169687381,7.2406633,1.457658159,8.404201645,1.831932537,8.42157272,1.864210369,1.133620498,1.221992192,1.005602351,1.022227667,1.007680882,1.004999757,0.1530412017,0.01879742366,0.1580711669,0.03543677634
2018,WW_ACW2e-5,164.7623733,39.41602046,28.9602009,12.45939805,12.15328088,1.811998488,0.7837370255,0.7036671569,0.0800697377,37.20358625,4.233367102,1.021560529,1.06391589,25.09380597,2.847453519,37.52353126,4.021221077,36.94557222,4.292453163,1.325500348,1.32737855,1.008599843,1.050112834,1.006935193,1.013957226,17.43248923,2.095309495,1.031497211,1.090850582,9.72449511,1.166457247,17.53983511,1.982956913,17.45919167,2.209484898,1.442162563,1.443300739,1.006157805,1.053620996,1.001531763,1.054490949,19.77113161,2.138057607,1.029575769,1.089937768,15.36931087,1.680995753,19.98371345,2.038267623,19.48639784,2.082968265,1.222638786,1.21377434,1.010752133,1.046673197,1.014401491,1.02576607,0.3297174109,0.0396306008,0.3739504002,0.0404391369
2018,ZZ_A0Z5e-6,17.85999169,5.276025502,4.748264534,2.370020897,2.289052624,0.3151527697,0.133132843,0.02416122893,0.1089714891,1.277428335,5.761431599,1.085976768,1.040484072,0.9792194841,3.974609059,1.301723602,5.744642378,1.258508829,5.939276469,1.233444682,1.310135165,1.019018889,1.002914071,1.014810621,1.030868174,0.6118953234,2.453584054,1.124225519,1.062036733,0.4226218852,1.398364546,0.6056253333,2.438429374,0.5831421308,2.552827422,1.309323231,1.430072695,1.010246835,1.006176548,1.046990378,1.040448326,0.6655330115,3.307850378,1.119114488,1.053428928,0.5565979765,2.576244513,0.6960982691,3.306219614,0.6753666978,3.386467933,1.163680889,1.221172599,1.045925983,1.000492998,1.014775655,1.023766962,0.01157336391,0.04640699162,0.01258786502,0.06256455104
2018,ZZ_A0Z1e-5,71.47586892,21.1926224,19.04371082,9.55805331,9.229003691,1.231429594,0.5206290295,0.1068284675,0.4137991269,5.648127903,21.87797364,1.081957577,1.041642599,3.769451488,15.43858807,5.719684135,21.51630376,5.710745771,22.19449643,1.332619312,1.294331901,1.012669018,1.016531233,1.011086482,1.014467647,2.90544252,9.045161471,1.11427079,1.064763933,1.717341601,5.60029855,2.973792929,9.123762924,2.896280317,9.364575196,1.408922535,1.380851456,1.023524957,1.008689889,1.003153462,1.035313214,2.742685383,12.83285769,1.117612472,1.054372548,2.052106853,9.838300898,2.745891205,12.39254083,2.814454072,12.82992882,1.25178919,1.233350737,1.001168863,1.034311676,1.026167306,1.000228232,0.05495342474,0.1710798258,0.05187504271,0.2427201621
2018,ZZ_A0Z2e-5,285.759867,84.67770234,76.14266866,38.22145109,36.90387273,4.907080511,2.208631716,0.442893647,1.765739217,23.41623001,93.35639814,1.08049182,1.040312357,17.23043864,62.80819336,24.69534581,92.31732137,22.11631447,94.67750787,1.264166835,1.32722133,1.054625181,1.011130215,1.055513442,1.01415125,10.20171918,39.19285627,1.121947683,1.062216672,6.973224658,23.07017451,10.12965589,39.4218203,9.823591724,39.96488925,1.316465731,1.411367869,1.007063838,1.005841984,1.037065072,1.019698309,13.21449566,54.16349636,1.107148215,1.052924515,10.25722005,39.73807953,14.56568992,52.89551624,12.29272275,54.71261862,1.223790274,1.266330976,1.102250914,1.023410234,1.06975468,1.010138235,0.1929549125,0.7412921312,0.2499384476,1.024446225
2018,ZZ_A0Z5e-5,1786.740982,529.104063,475.7193534,239.9445646,231.2890282,29.2883226,12.82928137,2.568625931,10.26064728,135.8058216,542.4906824,1.089087505,1.044573819,102.9723929,396.9894184,141.5392531,536.4681758,135.5153021,538.5036657,1.241767461,1.268209701,1.042217862,1.011101585,1.002139227,1.007349466,59.01840933,242.8468339,1.135139479,1.066620788,35.47535134,152.4170796,65.40134373,243.993434,56.31169808,239.6735821,1.398910412,1.372373619,1.108151583,1.004721495,1.045862152,1.013066886,76.78731525,299.6444952,1.118476236,1.059975356,67.49701997,244.5715843,76.13781233,292.474095,79.20349628,298.8301914,1.120987369,1.183794169,1.008458466,1.023929691,1.031465888,1.002717566,1.116271857,4.593195399,1.452352239,5.667464114
2018,ZZ_ACZ5e-6,1.275293156,0.3975216296,0.3569054556,0.1791786884,0.1731922073,0.02345806113,0.009880065914,0.00175359568,0.008126448554,0.09271435719,0.4296534615,1.085278643,1.03961454,0.06854630784,0.2800515652,0.101607715,0.4161669081,0.09033374655,0.428338654,1.260672134,1.348191996,1.095922121,1.031389375,1.025676828,1.003060158,0.04311766154,0.2163717307,1.125050714,1.055823044,0.02138783163,0.1082434472,0.04542572178,0.212996721,0.04153288026,0.2191560209,1.503965872,1.499733875,1.053529346,1.015598201,1.036754806,1.012868087,0.04959669565,0.2132822028,1.116597008,1.056225907,0.04715850318,0.1718082529,0.05618199318,0.2031699848,0.04880093371,0.2091825657,1.049160381,1.194455746,1.132776941,1.047412385,1.016044656,1.019221656,0.0008155257426,0.004092446344,0.0009380699373,0.004034011137
2018,ZZ_ACZ1e-5,5.100496092,1.591563006,1.431667879,0.7210557042,0.6984366784,0.09145039904,0.03942162096,0.008165377162,0.03125622844,0.4317116559,1.652548054,1.079194488,1.040477604,0.3141557376,1.154661154,0.4357895646,1.621066848,0.4195066304,1.671319809,1.272301933,1.30128437,1.009445908,1.0190501,1.028271244,1.01135928,0.2096241629,0.7483832907,1.113650453,1.060149193,0.1101567926,0.4580091714,0.2095984408,0.7162471176,0.2065829924,0.7696641743,1.474503363,1.388001874,1.000122706,1.042940794,1.014507729,1.028435808,0.2220872222,0.9041658461,1.110415504,1.054722735,0.2039991345,0.6966527949,0.2261908531,0.9048202718,0.2129236381,0.9016564471,1.081445873,1.22950773,1.018477564,1.000723789,1.041261195,1.002775375,0.003964823115,0.01415489192,0.004200548926,0.017101357
2018,ZZ_ACZ2e-5,20.40469049,6.366564221,5.72617256,2.884924007,2.793981285,0.3898569103,0.1639532228,0.03313054516,0.1308224932,1.751645053,6.916716039,1.07864146,1.03957534,1.357217231,4.69122635,1.831812596,6.812719119,1.68826543,7.015437283,1.225175655,1.321755249,1.045767002,1.015035592,1.036182915,1.014272849,0.7465397294,3.213479937,1.120461471,1.05806131,0.5196964459,1.809464091,0.7716170702,3.112129521,0.7219802066,3.300592524,1.303859627,1.436914458,1.033591435,1.031539147,1.032897811,1.02710849,1.005105324,3.703241519,1.103817087,1.054085843,0.8375207856,2.881752509,1.060195526,3.700595014,0.966285223,3.714838259,1.166733311,1.221829715,1.054810377,1.000714646,1.038622918,1.003131511,0.01412002287,0.06077963225,0.01901052228,0.07004296342
2018,ZZ_ACZ5e-5,127.5124023,40.18328726,36.1714803,17.97518126,17.38159059,2.293584478,1.016711588,0.2200949561,0.7966180403,11.63664042,42.11799241,1.076268998,1.040089258,7.759134387,28.66103593,11.61637408,41.70481343,11.45262551,42.61578373,1.333215249,1.319506123,1.001741598,1.009810035,1.015813406,1.011818971,4.829049649,19.68244142,1.11839436,1.058643835,2.948109197,10.67876781,4.905383518,18.93250532,4.751619204,20.23829711,1.389505304,1.457446991,1.015807224,1.038101782,1.016034303,1.028241196,6.807597544,22.43546976,1.099716014,1.05492806,4.811023836,17.98220044,6.710990558,22.77231487,6.701013071,22.37743923,1.293286096,1.198492359,1.014191054,1.015013954,1.015656694,1.002586553,0.09133645381,0.3722729175,0.1287586303,0.4243435864